{
    "npcs": [
        {
            "BankID": "21",
            "Beizhu": "21",
            "BirthDate": "21",
            "Bumen": "21",
            "GongLin": "21",
            "Hukou": "21",
            "JiGuan": "21",
            "Person_ID": "21",
            "PhoneNumber": "21",
            "RuzhiDate": "21",
            "Xueli": "21",
            "YuanGongID": "21",
            "Zhiwei": "21",
            "ZhuangTai": "21",
            "gender": "21",
            "name": "21"
        },
        {
            "BankID": "22",
            "Beizhu": "22",
            "BirthDate": "22",
            "Bumen": "22",
            "GongLin": "22",
            "Hukou": "22",
            "JiGuan": "22",
            "Person_ID": "22",
            "PhoneNumber": "22",
            "RuzhiDate": "22",
            "Xueli": "22",
            "YuanGongID": "22",
            "Zhiwei": "22",
            "ZhuangTai": "22",
            "gender": "22",
            "name": "22"
        },
        {
            "BankID": "21",
            "Beizhu": "21",
            "BirthDate": "21",
            "Bumen": "21",
            "GongLin": "21",
            "Hukou": "21",
            "JiGuan": "21",
            "Person_ID": "21",
            "PhoneNumber": "21",
            "RuzhiDate": "21",
            "Xueli": "21",
            "YuanGongID": "21",
            "Zhiwei": "21",
            "ZhuangTai": "21",
            "gender": "221",
            "name": "221"
        },
        {
            "BankID": "22",
            "Beizhu": "22",
            "BirthDate": "22",
            "Bumen": "22",
            "GongLin": "22",
            "Hukou": "22",
            "JiGuan": "22",
            "Person_ID": "22",
            "PhoneNumber": "22",
            "RuzhiDate": "22",
            "Xueli": "22",
            "YuanGongID": "22",
            "Zhiwei": "22",
            "ZhuangTai": "22",
            "gender": "222",
            "name": "222"
        }
    ]
}
